{"recall":0.5,"accuracy":0.5,"_wandb":{"runtime":0},"_runtime":0,"precision":0.75,"_timestamp":1.7748596713562264e+09,"_step":0,"f1_score":0.6000000000000001,"n_estimators":100,"max_depth":10}