{"f1_score":0.4,"_timestamp":1.774859953707645e+09,"_runtime":0,"recall":0.5,"max_depth":10,"accuracy":0.5,"precision":0.3333333333333333,"n_estimators":100,"_step":0,"_wandb":{"runtime":0}}