{"_timestamp":1.779466967023626e+09,"_step":0,"_runtime":4,"_wandb":{"runtime":4},"accuracy":0.7466666666666667,"precision":0.7459961998273393,"recall":0.7466666666666667,"f1_score":0.7414162946598397}