{"precision":0.7612904345582227,"max_depth":10,"_step":0,"recall":0.76,"_runtime":0,"f1_score":0.7577711324306547,"n_estimators":100,"accuracy":0.76,"_wandb":{"runtime":0},"_timestamp":1.7748601559131298e+09}