{"f1_score":0.7650648853952784,"n_estimators":100,"accuracy":0.7666666666666667,"_runtime":1,"precision":0.7671623976000923,"max_depth":10,"_wandb":{"runtime":1},"_timestamp":1.7748604721445775e+09,"_step":0,"recall":0.7666666666666667}